party_name,first,second,case_number,party_type,case_file_date,case_type,case_status,dob,tags,src
"MYERS, BARBARA A",MYERS BARBARA A,MYERS BARBARA,2016CP000107AX,Personal Rep,14/01/2016,Probate,OPEN,-,,https://records.manateeclerk.com/CourtRecords/Search/CaseNumber?caseNumber=2016CP000107AX&page=1&pageSize=25&myCases=False
"LIVELY, EDWIN L II",LIVELY EDWIN L II,LIVELY EDWIN,2016CP000394AX,Personal Rep,12/02/2016,Probate,OPEN,-,,https://records.manateeclerk.com/CourtRecords/Search/CaseNumber?caseNumber=2016CP000394AX&page=1&pageSize=25&myCases=False
"TROMBLEY, KIMBERLY JONES",TROMBLEY KIMBERLY JONES,TROMBLEY KIMBERLY,2016CP000525AX,Personal Rep,26/02/2016,Probate,OPEN,-,,https://records.manateeclerk.com/CourtRecords/Search/CaseNumber?caseNumber=2016CP000525AX&page=1&pageSize=25&myCases=False
"SCHIAVONE MCALLISTER, KARA",SCHIAVONE MCALLISTER KARA,SCHIAVONE MCALLISTER,2016CP000653AX,Personal Rep,11/03/2016,Probate,OPEN,-,,https://records.manateeclerk.com/CourtRecords/Search/CaseNumber?caseNumber=2016CP000653AX&page=1&pageSize=25&myCases=False
"HINES, JAMES P JR",HINES JAMES P JR,HINES JAMES,2016CP000804AX,Personal Rep,31/03/2016,Probate,OPEN,-,,https://records.manateeclerk.com/CourtRecords/Search/CaseNumber?caseNumber=2016CP000804AX&page=1&pageSize=25&myCases=False
"HUNTER, BENJAMIN ESQ",HUNTER BENJAMIN ESQ,HUNTER BENJAMIN,2016CP001876AX,Personal Rep,28/07/2016,Probate,OPEN,-,,https://records.manateeclerk.com/CourtRecords/Search/CaseNumber?caseNumber=2016CP001876AX&page=1&pageSize=25&myCases=False
"ELLIOTT, ROBERT M",ELLIOTT ROBERT M,ELLIOTT ROBERT,2017CP000658AX,Personal Rep,09/03/2017,Probate,OPEN,-,,https://records.manateeclerk.com/CourtRecords/Search/CaseNumber?caseNumber=2017CP000658AX&page=1&pageSize=25&myCases=False
"NORMAN, CAROL",NORMAN CAROL,NORMAN CAROL,2017CP001468AX,Personal Rep,31/05/2017,Probate,OPEN,-,,https://records.manateeclerk.com/CourtRecords/Search/CaseNumber?caseNumber=2017CP001468AX&page=1&pageSize=25&myCases=False
"EMMERMANN, SUSAN",EMMERMANN SUSAN,EMMERMANN SUSAN,2017CP001997AX,Personal Rep,18/07/2017,Probate,OPEN,-,,https://records.manateeclerk.com/CourtRecords/Search/CaseNumber?caseNumber=2017CP001997AX&page=1&pageSize=25&myCases=False
"AMON, KEITH H",AMON KEITH H,AMON KEITH,2017CP002603AX,Personal Rep,29/09/2017,Probate,OPEN,-,,https://records.manateeclerk.com/CourtRecords/Search/CaseNumber?caseNumber=2017CP002603AX&page=1&pageSize=25&myCases=False
"SKIPPER, J RONALD",SKIPPER J RONALD,SKIPPER J,2017CP002714AX,Personal Rep,10/10/2017,Probate,OPEN,-,,https://records.manateeclerk.com/CourtRecords/Search/CaseNumber?caseNumber=2017CP002714AX&page=1&pageSize=25&myCases=False
"PROCTOR, REBECCA J ESQ",PROCTOR REBECCA J ESQ,PROCTOR REBECCA,2017CP003140AX,Personal Rep,28/11/2017,Probate,OPEN,-,,https://records.manateeclerk.com/CourtRecords/Search/CaseNumber?caseNumber=2017CP003140AX&page=1&pageSize=25&myCases=False
"LEWIS, THOMAS W III",LEWIS THOMAS W III,LEWIS THOMAS,2017CP003387AX,Personal Rep,27/12/2017,Probate,OPEN,-,,https://records.manateeclerk.com/CourtRecords/Search/CaseNumber?caseNumber=2017CP003387AX&page=1&pageSize=25&myCases=False
"UNDERWOOD, JEFFREY K",UNDERWOOD JEFFREY K,UNDERWOOD JEFFREY,2018CP000042AX,Personal Rep,05/01/2018,Probate,OPEN,1956,,https://records.manateeclerk.com/CourtRecords/Search/CaseNumber?caseNumber=2018CP000042AX&page=1&pageSize=25&myCases=False
"MORAN, JOHN A ESQ",MORAN JOHN A ESQ,MORAN JOHN,2018CP000066AX,Personal Rep,09/01/2018,Probate,OPEN,-,,https://records.manateeclerk.com/CourtRecords/Search/CaseNumber?caseNumber=2018CP000066AX&page=1&pageSize=25&myCases=False
"HERBACH, KATHLEEN J",HERBACH KATHLEEN J,HERBACH KATHLEEN,2018CP000132AX,Personal Rep,16/01/2018,Probate,OPEN,-,,https://records.manateeclerk.com/CourtRecords/Search/CaseNumber?caseNumber=2018CP000132AX&page=1&pageSize=25&myCases=False
"KNOWLES, JAMES WM",KNOWLES JAMES WM,KNOWLES JAMES,2018CP000225AX,Personal Rep,25/01/2018,Probate,OPEN,-,,https://records.manateeclerk.com/CourtRecords/Search/CaseNumber?caseNumber=2018CP000225AX&page=1&pageSize=25&myCases=False
"LISCH, ERNIE C",LISCH ERNIE C,LISCH ERNIE,2018CP000553AX,Personal Rep,26/02/2018,Probate,OPEN,-,,https://records.manateeclerk.com/CourtRecords/Search/CaseNumber?caseNumber=2018CP000553AX&page=1&pageSize=25&myCases=False
"GERLING, RODNEY D ESQ",GERLING RODNEY D ESQ,GERLING RODNEY,2018CP000669AX,Personal Rep,07/03/2018,Probate,OPEN,-,,https://records.manateeclerk.com/CourtRecords/Search/CaseNumber?caseNumber=2018CP000669AX&page=1&pageSize=25&myCases=False
"SYPHER, WAYNE",SYPHER WAYNE,SYPHER WAYNE,2018CP000805AX,Personal Rep,20/03/2018,Probate,OPEN,-,,https://records.manateeclerk.com/CourtRecords/Search/CaseNumber?caseNumber=2018CP000805AX&page=1&pageSize=25&myCases=False
"ELLIOTT, ROBERT M",ELLIOTT ROBERT M,ELLIOTT ROBERT,2018CP000828AX,Personal Rep,22/03/2018,Probate,OPEN,-,,https://records.manateeclerk.com/CourtRecords/Search/CaseNumber?caseNumber=2018CP000828AX&page=1&pageSize=25&myCases=False
"KNOWLES, JAMES W ESQ",KNOWLES JAMES W ESQ,KNOWLES JAMES,2018CP000912AX,Personal Rep,29/03/2018,Probate,OPEN,-,,https://records.manateeclerk.com/CourtRecords/Search/CaseNumber?caseNumber=2018CP000912AX&page=1&pageSize=25&myCases=False
THE NORTHERN TRUST COMPANY,THE NORTHERN TRUST COMPANY,THE NORTHERN TRUST COMPANY,2018CP001048AX,Personal Rep,12/04/2018,Probate,OPEN,-,,https://records.manateeclerk.com/CourtRecords/Search/CaseNumber?caseNumber=2018CP001048AX&page=1&pageSize=25&myCases=False
"BENDER-BRODEUR, DELORES",BENDER-BRODEUR DELORES,BENDER-BRODEUR DELORES,2018CP001137AX,Personal Rep,20/04/2018,Probate,OPEN,-,,https://records.manateeclerk.com/CourtRecords/Search/CaseNumber?caseNumber=2018CP001137AX&page=1&pageSize=25&myCases=False
"SHERWIN, RUTH L",SHERWIN RUTH L,SHERWIN RUTH,2018CP001331AX,Personal Rep,09/05/2018,Probate,OPEN,-,,https://records.manateeclerk.com/CourtRecords/Search/CaseNumber?caseNumber=2018CP001331AX&page=1&pageSize=25&myCases=False
"BRIAN, EVELYN A",BRIAN EVELYN A,BRIAN EVELYN,2018CP001375AX,Personal Rep,15/05/2018,Probate,OPEN,-,,https://records.manateeclerk.com/CourtRecords/Search/CaseNumber?caseNumber=2018CP001375AX&page=1&pageSize=25&myCases=False
"DOWNS, NELLIE A",DOWNS NELLIE A,DOWNS NELLIE,2018CP001520AX,Personal Rep,29/05/2018,Probate,OPEN,-,,https://records.manateeclerk.com/CourtRecords/Search/CaseNumber?caseNumber=2018CP001520AX&page=1&pageSize=25&myCases=False
"WASKOM, JOHN J ESQ",WASKOM JOHN J ESQ,WASKOM JOHN,2018CP001548AX,Personal Rep,31/05/2018,Probate,OPEN,-,,https://records.manateeclerk.com/CourtRecords/Search/CaseNumber?caseNumber=2018CP001548AX&page=1&pageSize=25&myCases=False
"LEMAY, JANINE",LEMAY JANINE,LEMAY JANINE,2018CP001834AX,Personal Rep,25/06/2018,Probate,OPEN,-,,https://records.manateeclerk.com/CourtRecords/Search/CaseNumber?caseNumber=2018CP001834AX&page=1&pageSize=25&myCases=False
"KEDZIERSKI, GWEN I",KEDZIERSKI GWEN I,KEDZIERSKI,2018CP001845AX,Personal Rep,28/06/2018,Probate,OPEN,-,,https://records.manateeclerk.com/CourtRecords/Search/CaseNumber?caseNumber=2018CP001845AX&page=1&pageSize=25&myCases=False
"SOSS, MARC J ESQ",SOSS MARC J ESQ,SOSS MARC,2018CP001958AX,Personal Rep,10/07/2018,Probate,OPEN,-,,https://records.manateeclerk.com/CourtRecords/Search/CaseNumber?caseNumber=2018CP001958AX&page=1&pageSize=25&myCases=False
"MATTHEWS, A LAMAR JR",MATTHEWS A LAMAR JR,LAMAR MATTHEWS,2018CP002004AX,Personal Rep,11/07/2018,Probate,OPEN,-,,https://records.manateeclerk.com/CourtRecords/Search/CaseNumber?caseNumber=2018CP002004AX&page=1&pageSize=25&myCases=False
"HILL, KAREN L",HILL KAREN L,HILL KAREN,2018CP002034AX,Personal Rep,16/07/2018,Probate,OPEN,-,,https://records.manateeclerk.com/CourtRecords/Search/CaseNumber?caseNumber=2018CP002034AX&page=1&pageSize=25&myCases=False
"ELLIOTT, ROBERT M",ELLIOTT ROBERT M,ELLIOTT ROBERT,2018CP002149AX,Personal Rep,27/07/2018,Probate,OPEN,-,,https://records.manateeclerk.com/CourtRecords/Search/CaseNumber?caseNumber=2018CP002149AX&page=1&pageSize=25&myCases=False
"BOWMAN, DAVID G JR",BOWMAN DAVID G JR,BOWMAN DAVID,2018CP002203AX,Personal Rep,02/08/2018,Probate,OPEN,-,,https://records.manateeclerk.com/CourtRecords/Search/CaseNumber?caseNumber=2018CP002203AX&page=1&pageSize=25&myCases=False
"ELLIOTT, R MATTHEW ESQ",ELLIOTT R MATTHEW ESQ,ELLIOTT R MATTHEW,2018CP002282AX,Personal Rep,10/08/2018,Probate,OPEN,-,,https://records.manateeclerk.com/CourtRecords/Search/CaseNumber?caseNumber=2018CP002282AX&page=1&pageSize=25&myCases=False
"LOCAS, SYLVAIN",LOCAS SYLVAIN,LOCAS SYLVAIN,2018CP002351AX,Personal Rep,17/08/2018,Probate,OPEN,-,,https://records.manateeclerk.com/CourtRecords/Search/CaseNumber?caseNumber=2018CP002351AX&page=1&pageSize=25&myCases=False
"GERARDI, GARY F",GERARDI GARY F,GERARDI GARY,2018CP002435AX,Personal Rep,24/08/2018,Probate,OPEN,-,,https://records.manateeclerk.com/CourtRecords/Search/CaseNumber?caseNumber=2018CP002435AX&page=1&pageSize=25&myCases=False
"LEE, H GREG ESQ",LEE H GREG ESQ,GREG LEE,2018CP002444AX,Personal Rep,27/08/2018,Probate,OPEN,-,,https://records.manateeclerk.com/CourtRecords/Search/CaseNumber?caseNumber=2018CP002444AX&page=1&pageSize=25&myCases=False
"BANTNER, CRAIG A",BANTNER CRAIG A,BANTNER CRAIG,2018CP002461AX,Personal Rep,28/08/2018,Probate,OPEN,-,,https://records.manateeclerk.com/CourtRecords/Search/CaseNumber?caseNumber=2018CP002461AX&page=1&pageSize=25&myCases=False
"STANDIFORD, JACQUELINE P",STANDIFORD JACQUELINE P,STANDIFORD JACQUELINE,2018CP002489AX,Personal Rep,30/08/2018,Probate,OPEN,-,,https://records.manateeclerk.com/CourtRecords/Search/CaseNumber?caseNumber=2018CP002489AX&page=1&pageSize=25&myCases=False
"CHOQUETTE, SANDRA K",CHOQUETTE SANDRA K,CHOQUETTE SANDRA,2018CP000958AX,Personal Rep,03/04/2018,Probate,REOPEN,1947,,https://records.manateeclerk.com/CourtRecords/Search/CaseNumber?caseNumber=2018CP000958AX&page=1&pageSize=25&myCases=False
"BOERGER, SUSAN",BOERGER SUSAN,BOERGER SUSAN,2018CP001276AX,Petitioner,03/05/2018,Probate,OPEN,-,,https://records.manateeclerk.com/CourtRecords/Search/CaseNumber?caseNumber=2018CP001276AX&page=1&pageSize=25&myCases=False
"BOYERS, JAMES DOUGLAS",BOYERS JAMES DOUGLAS,BOYERS JAMES,2016CP000794AX,Petitioner,30/03/2016,Probate,TRANSFER,-,,https://records.manateeclerk.com/CourtRecords/Search/CaseNumber?caseNumber=2016CP000794AX&page=1&pageSize=25&myCases=False
"SCHAEFER, RALPH G III",SCHAEFER RALPH G III,SCHAEFER RALPH,2017CP001262AX,Trustee,10/05/2017,Probate,OPEN,-,,https://records.manateeclerk.com/CourtRecords/Search/CaseNumber?caseNumber=2017CP001262AX&page=1&pageSize=25&myCases=False
"CLARKE, ROBERT H",CLARKE ROBERT H,CLARKE ROBERT,2017CP002224AX,Trustee,09/08/2017,Probate,OPEN,-,,https://records.manateeclerk.com/CourtRecords/Search/CaseNumber?caseNumber=2017CP002224AX&page=1&pageSize=25&myCases=False
"MONTGOMERY, DAVID ESQ",MONTGOMERY DAVID ESQ,MONTGOMERY DAVID,2018CP000832AX,Trustee,23/03/2018,Probate,OPEN,-,,https://records.manateeclerk.com/CourtRecords/Search/CaseNumber?caseNumber=2018CP000832AX&page=1&pageSize=25&myCases=False
"NAJMY, JOSEPH L ESQ",NAJMY JOSEPH L ESQ,NAJMY JOSEPH,2018CP001470AX,Trustee,24/05/2018,Probate,OPEN,-,,https://records.manateeclerk.com/CourtRecords/Search/CaseNumber?caseNumber=2018CP001470AX&page=1&pageSize=25&myCases=False
"LEON, GAIL E",LEON GAIL E,LEON GAIL,2018CP002314AX,Trustee,15/08/2018,Probate,OPEN,-,,https://records.manateeclerk.com/CourtRecords/Search/CaseNumber?caseNumber=2018CP002314AX&page=1&pageSize=25&myCases=False
"HARRISON, R CRAIG ESQ",HARRISON R CRAIG ESQ,CRAIG HARRISON,2018CP002484AX,Trustee,29/08/2018,Probate,OPEN,-,,https://records.manateeclerk.com/CourtRecords/Search/CaseNumber?caseNumber=2018CP002484AX&page=1&pageSize=25&myCases=False
